feature_name,avg_1,avg_2,avg_3,avg_4,avg_5,avg_6,avg_7,avg_8,avg_9,avg_10,avg_mean,avg_std,avg_rank,rf_1,rf_2,rf_3,rf_4,rf_5,rf_6,rf_7,rf_8,rf_9,rf_10,rf_mean,rf_std,rf_rank,svc_1,svc_2,svc_3,svc_4,svc_5,svc_6,svc_7,svc_8,svc_9,svc_10,svc_mean,svc_std,svc_rank,lr_1,lr_2,lr_3,lr_4,lr_5,lr_6,lr_7,lr_8,lr_9,lr_10,lr_mean,lr_std,lr_rank
MP0043,0.1609707235936315,0.1723963280097177,0.0790373557541182,0.2030571677213017,0.27036106250592,0.3063979684380783,0.2185895159984918,0.4112645536143689,0.3756762359498777,0.3672056803401918,0.2564956591925698,0.10250772047253143,1,0.0149456739473629,0.0293475275881207,0.0221167224771492,0.0184683296955404,0.0105811388053117,0.0886313035589467,0.0742229899364526,0.0715298161113917,0.0817173322052994,0.0239134066921857,0.0435474241017761,0.029654184191341575,1,0.4372352699405757,0.2232113591859337,0.184885557849598,0.4705741017781037,0.1682506060420653,0.184885557849598,0.184885557849598,0.6455973152742145,0.4372352699405757,0.4705741017781037,0.34073346974883667,0.16177510263147402,1,0.0338406773154302,0.2695240928378849,0.0338406773154302,0.1224526353228813,0.6340962889242224,0.6525615147047613,0.4192272403442502,0.5270629185999365,0.6203145337084194,0.6113703276857432,0.39242909067589593,0.24288836673012582,1
MP0008,0.1356181411920475,0.1178120207386404,0.0413433943028805,0.1450547224094126,0.1779910038182998,0.1889032758543108,0.081187866793104,0.3031223280873885,0.2636913705233398,0.2811063729149621,0.17358304966343857,0.08252583973654391,2,0.0265598091932449,0.0256744883132746,0.0080107716740332,0.0123244751790675,0.0183008533092475,0.0264606883324037,0.0337543487810419,0.0163486942673321,0.0091382831187103,0.0361121376642987,0.02126845498326544,0.009415497978461881,4,0.3808097443686005,0.1655148582727054,0.1161351743517256,0.4229772327244038,0.1003287292889289,0.1161351743517256,0.1161351743517256,0.5579549036564715,0.3808097443686005,0.4229772327244038,0.2779777968459291,0.162595165713672,3,0.0,0.1626192453745327,0.0,0.0,0.4191658891154854,0.4317421447366514,0.1054582309395026,0.3364964671354052,0.4016861088488309,0.3846164538993663,0.22417845400497746,0.17877902735642126,2
exRNA000005,0.1400138013910581,0.1178460282866992,0.0512032373797833,0.148238170366868,0.171145698249278,0.1870255928094851,0.092870349790347,0.2886635907373712,0.2615393582682068,0.2656589006844461,0.17242047279635428,0.07483192070259037,3,0.0050794901680014,0.0010445395792527,0.0054385617643145,0.00583102032145,0.0,0.0168241360707713,0.0,0.0126129977453674,0.0028993076976133,0.0050794901680014,0.0054809543514771995,0.005161481390723403,21,0.4164005337305413,0.1881086957391361,0.1488206720756325,0.4399674401018154,0.134516612590697,0.1488206720756325,0.1488206720756325,0.5401367658558113,0.4164005337305413,0.4399674401018154,0.3021960038077255,0.15243600694190287,2,0.0,0.1661772925838393,0.0,0.0,0.3789204821571372,0.3997764584125052,0.1297903772954085,0.3172214632713322,0.3659310999581072,0.3533710545544306,0.21111882282327601,0.16172722049136623,3
TAGLN,0.1108320581670283,0.0577230411151351,0.0252730947262561,0.1241242619816925,0.0998384440074417,0.1116071493153377,0.0249507216929286,0.2226009060244136,0.1798999133332844,0.1845668624126165,0.11414164527761343,0.06356459905484169,4,0.0,0.0009746220125372,0.00122222467948,0.0006597407151926,0.0,0.0,0.0,0.0014963983280464,0.0025300022573811,0.0,0.00068829879926373,0.0008235014300891949,104,0.3324961745010851,0.0978072705131262,0.0748521650787858,0.3721427391882028,0.0645756743233186,0.0748521650787858,0.0748521650787858,0.4929101560585084,0.3324961745010851,0.3721427391882028,0.22891274235098863,0.1573475943083707,4,0.0,0.0750804215825629,0.0,0.0,0.2349396576990067,0.2599692828672274,0.0,0.1760981317537122,0.2080717796438909,0.1815578480496466,0.11357171215960467,0.10329572699310637,7
MP0076,0.0690123815657159,0.0726836688188024,0.0283347929068531,0.0715007712928305,0.1130500044368815,0.1230400268389741,0.0331592427706612,0.1843208033679481,0.1518274881662296,0.1463711493300165,0.09933003294949129,0.04976468226715345,5,0.0,0.0012012144998635,0.0022442074074014,0.0,0.0022089341182808,0.0047790648190099,0.0045640785613911,0.0090542886297973,0.0020051382813033,0.0,0.0026056926317047304,0.0027043192853191725,51,0.2070371446971478,0.116620295964566,0.0831397292115263,0.2145023138784915,0.0704774493466193,0.0831397292115263,0.0831397292115263,0.3277172380330844,0.2070371446971478,0.2145023138784915,0.16073130881301273,0.08130701303153862,5,0.0,0.100773424794172,0.0,0.0,0.2670715500767014,0.2827714461930237,0.0127840679349993,0.2184449433938458,0.2468219167465868,0.224611134111558,0.1353278483250887,0.11728544978166608,5
MP0050,0.0626075199944414,0.0774656604015168,0.0303632538567476,0.061521086389545,0.1026345163578149,0.1066579364880309,0.05113323545756,0.1237731144835571,0.1321856061311695,0.1275112627255845,0.08758531922859676,0.033899598086419486,6,0.0106903649128572,0.0102173290814173,0.0049588484968224,0.0017080589635644,0.0150186403947364,0.0055140157944723,0.0,0.0106545271659881,0.0100892662441672,0.0094137467830637,0.0078264797837089,0.004399344289523651,12,0.1814477936526642,0.1068096078579938,0.0862004977010163,0.1837620231457255,0.0802259939332831,0.0862004977010163,0.0862004977010163,0.1712160627208797,0.1814477936526642,0.1837620231457255,0.1347272791211985,0.04617378967418334,10,0.0,0.1169051998409381,0.0,0.0,0.218403976806289,0.2304732249822118,0.0671992086716637,0.1926224133438578,0.2060363258805415,0.193393126625889,0.12250334761513908,0.09267433586284636,6
MP0095,0.0661607632844232,0.0567064941691332,0.0201091467314007,0.0599632504818525,0.0955671372654875,0.1068534801096557,0.0221370740179807,0.1412092120651311,0.1321815389865353,0.1262134153617431,0.0827101512473343,0.041911540292978174,7,0.0209088226469742,0.0134103799317146,0.0086428975826849,0.0076971452056598,0.0192087168309095,0.0320159796402945,0.0,0.0266659047507437,0.0089357203400669,0.0209088226469742,0.015839438957602228,0.009296121802630033,7,0.1817884334250631,0.0741252976077034,0.0518515238550877,0.1725348269779517,0.0463428210938247,0.0518515238550877,0.0518515238550877,0.2220414266226079,0.1817884334250631,0.1725348269779517,0.12067106376954287,0.06710134075368528,14,0.0,0.0831554070771595,0.0,0.0,0.2221195181733265,0.2381378399279639,0.0145596981988545,0.1754677349767613,0.2061332990577502,0.1896585759225592,0.1129232073334375,0.09742035134995765,8
MP0159,0.0278693746387328,0.0687562308689486,0.0260406708530202,0.0279804079271346,0.1134036363027323,0.1175145002753326,0.0320165333756767,0.0910273432610502,0.1127861354434836,0.1036236980226382,0.07210185309687497,0.03797108131807171,8,0.0,0.0036709864174538,0.0046322586838929,0.0093244474642041,0.0060917917878671,0.004742350650441,0.0,0.0013688634183881,0.002604426888019,0.0,0.0032435125310266003,0.0029143127880646,36,0.0836081239161985,0.0869774450686881,0.0736570596479018,0.0746297789637759,0.0669980794793181,0.0736570596479018,0.0736570596479018,0.0589482026334671,0.0836081239161985,0.0746297789637759,0.07503707118851276,0.007867786007964818,34,0.0,0.1165133581285682,0.0,0.0,0.2695339855002628,0.2767482635117276,0.0223925404791284,0.214977669132812,0.254085525021696,0.2362413151041387,0.13904926568783338,0.11685580324405023,4
exRNA000003,0.0630587879086517,0.0426602784204773,0.0183442636290722,0.0747682942413534,0.0529446640265056,0.054460195382199,0.0362795090157722,0.1515154193574244,0.0927691931536499,0.104353139405654,0.06911537445407596,0.036730976531570286,9,0.0139331393248289,0.0089331557251845,0.0045536065871339,0.0058697077269175,0.0208298988934486,0.0166901862587711,0.0395429740975074,0.0121990222810089,0.0074528317884269,0.0153677878038917,0.01453723104871194,0.009656268082305164,9,0.1821312144159683,0.0581034382965417,0.0510361384720256,0.2195687117313189,0.0452619656986428,0.0510361384720256,0.0510361384720256,0.3635126448995451,0.1821312144159683,0.2195687117313189,0.1423386316605381,0.10273348851036102,8,0.0,0.0630264621447506,0.0,0.0,0.0970535264211626,0.1071111916339323,0.0310213515126569,0.0833861700210877,0.0906191445141083,0.0841360597263449,0.055635390597404334,0.041373718619979016,13
exRNA000183,0.0489052439250918,0.0578160480183824,0.0279169375495207,0.0474529538445868,0.0741190433427508,0.0805582280274879,0.0600634222235353,0.090752488693842,0.09731135797906,0.0947929136169578,0.06796886372212156,0.022022666986122125,10,0.0137452649863536,0.0061396919746753,0.0046937667293816,0.0048403430211721,0.0,0.0196928000213274,0.03273627192039,0.009111414551,0.0088044274206691,0.0,0.00997639806249691,0.009469999999995883,11,0.1361933934974602,0.0892357555713648,0.0790880075352683,0.1380667203518094,0.0752914392684886,0.0790880075352683,0.0790880075352683,0.1298209686838795,0.1361933934974602,0.1380667203518094,0.1080132413828077,0.02793485256653485,19,0.0,0.0821246721207717,0.0,0.0,0.1470656907597639,0.1453243457258595,0.0758207544977711,0.1342002183054322,0.1472093858258707,0.1463120204990639,0.0878057087734533,0.0626337095514392,9
MP0151,0.0545677877752918,0.0529572927294917,0.0277947289138368,0.0589030744422375,0.0635126516294393,0.0664808285569246,0.0469047317447423,0.115492592677436,0.0970036815129194,0.0952427181686867,0.06788600881510061,0.025322273631861167,11,0.0371421433793102,0.0394696698909589,0.0306618417529584,0.013372696695583,0.0511542924718586,0.0259161915964929,0.0755339244773781,0.0410723090435032,0.0577043135366251,0.0371421433793102,0.04091695262239786,0.016445201888376913,2,0.1445973701085522,0.0674712658466539,0.0580159209314039,0.167243916229193,0.0520771444239957,0.0580159209314039,0.0580159209314039,0.2132185006171881,0.1445973701085522,0.167243916229193,0.11304972463575398,0.057253403785348884,17,0.0,0.0671387746847081,0.0,0.0,0.1122314117191069,0.1213460730510237,0.0242181689434033,0.1024884676510025,0.1058333365429212,0.1000750722149519,0.06333313048071176,0.049013917445681,11
CFH,0.0599868979540747,0.0449452362765157,0.0209298554517822,0.062298750906679,0.060221444584254,0.064933015233145,0.0202383159843335,0.1294308761857184,0.0995253683400317,0.096798762478797,0.06593085233953312,0.0327857924435393,12,0.0,0.0004632691222528,0.0023810872597084,0.000817247322283,0.0,0.0,0.0,0.0020338026753607,0.0037448047369954,0.0,0.0009440211116600299,0.0012569902645480754,96,0.1799606938622241,0.0847812311433796,0.0607149479530005,0.1864724101039384,0.0546071894146745,0.0607149479530005,0.0607149479530005,0.2857792785712856,0.1799606938622241,0.1864724101039384,0.13401787509206659,0.0758987659677348,11,0.0,0.049994620992464,0.0,0.0,0.1260571443380876,0.1340840977464345,0.0,0.1016027691936746,0.1157403709061389,0.1039238773324525,0.06314028805092521,0.05569612170422213,12
A2M,0.0456516126008125,0.0370731362394721,0.0153733632825004,0.0478597887466241,0.0719191698159008,0.0823777005076434,0.0151402487446874,0.1228970977105533,0.0971940430137695,0.092081532304744,0.06275676929667075,0.034377802126128607,13,0.0,0.0,0.001012167633542,0.0,0.0007824841667623,0.007036665624529,0.0,0.0063716581809584,0.002141860489835,0.0,0.00173448360956267,0.002573959757174277,74,0.1369548378024378,0.0589805013650004,0.0454207462340623,0.1435793662398725,0.0396364136306747,0.0454207462340623,0.0454207462340623,0.2335091166671239,0.1369548378024378,0.1435793662398725,0.10294566784496065,0.06207302448973129,21,0.0,0.052238907353416,0.0,0.0,0.175704736926422,0.1968207590359783,0.0,0.1307522308340306,0.1535400318939519,0.1326652306743596,0.08417218967181583,0.07730500938350089,10
MP0103,0.0555656119850492,0.0739678568688851,0.0401314390249578,0.0626833683539397,0.057790782117685,0.0621441254890289,0.0397295397476935,0.0906665703238382,0.0599503438242471,0.0746280741415661,0.06172577118768906,0.014702833646799375,14,0.0301389421961731,0.023190571056847,0.0216790736840986,0.0185512665588316,0.0426799381750129,0.0322868727265328,0.0,0.0259886018619703,0.0100972072539802,0.0428934650083397,0.02475059385217862,0.012710628716169244,3,0.141425677449179,0.1031424104768853,0.0995922814640672,0.1710503767928404,0.0935383641699667,0.0995922814640672,0.0995922814640672,0.1642061163585433,0.141425677449179,0.1710503767928404,0.12846158438816357,0.030987770640167226,12,0.0,0.0986189532481494,0.0,0.0,0.0422405310449049,0.0580540197494294,0.0195963377790135,0.0850697957852375,0.0298521465313085,0.0159439166760089,0.03493757008140521,0.03382327204846068,18
exRNA000091,0.0641476238851417,0.0401592852631653,0.0260600006291039,0.0766193625461139,0.0277611765440334,0.0221493348218921,0.0272361161450597,0.1226419588397768,0.0632443165694982,0.0779039463941484,0.05479231216379334,0.030607779990036985,15,0.0268716871212491,0.0173355497598201,0.0168710447107858,0.0199169743741881,0.0270362687670539,0.0041718693369434,0.0225937805202653,0.0132600397771652,0.0220150006662424,0.026706876482914,0.019677909151662728,0.006814067711500145,5,0.169830077647612,0.0684760866521452,0.0624204506583468,0.2115230535421947,0.0596811721743066,0.0624204506583468,0.0624204506583468,0.3558129042129154,0.169830077647612,0.2115230535421947,0.1433937777394021,0.09385805106880264,7,0.0,0.0371230149083621,0.0,0.0,0.0,0.0,0.0,0.0,0.0,0.0,0.0037123014908362097,0.011136904472508629,36
exRNA000035,0.0746573438302623,0.0136469518262797,0.0098500371833512,0.0904264620338577,0.0088101995786564,0.0157321569037181,0.0100616310535844,0.138824486190318,0.0743723945393479,0.0896550795942108,0.052603674273358644,0.04430614202265943,16,0.0,0.0014224973431418,0.0014492778782037,0.0041047462216453,0.001178359796467,0.0008821589873175,0.0,0.0060298215874237,0.0008978619221959,0.0,0.00159647237363949,0.0018659380188524848,80,0.223972031490787,0.0333882040486971,0.0301848931607535,0.2689652387826327,0.0271295683050119,0.0301848931607535,0.0301848931607535,0.4151869054926407,0.223972031490787,0.2689652387826327,0.15521338978754495,0.13455999141556182,6,0.0,0.008860129537953,0.0,0.0,0.0,0.0165682489247326,0.0,0.0,0.0,0.0,0.00254283784626856,0.005369809351709359,41
MP0086,0.0516124707525739,0.046714811942693,0.0180875068577406,0.0556837539945746,0.040699650802842,0.0455273414693594,0.0175128846887222,0.1139730833692097,0.0621252829690744,0.0663771926888779,0.05183139795356677,0.02588487738016882,17,0.0134714020789382,0.0138835746778112,0.0022196882502397,0.003287105063335,0.0162726704029165,0.0056459187384714,0.0,0.0030055615758838,0.0007839175507562,0.0134714020789382,0.0072041240417290205,0.005989767648873078,13,0.1428949459232631,0.0640694892030138,0.0525386540661669,0.1650227751336884,0.0466674967997219,0.0525386540661669,0.0525386540661669,0.2705530235535495,0.1428949459232631,0.1650227751336884,0.11547414138686889,0.07051440579600328,16,0.0,0.0628935848157232,0.0,0.0,0.062276689163022,0.079441438041404,0.0,0.0694182994643466,0.0428016468381409,0.0223631801690987,0.033919483849173544,0.03128995103236377,19
MP0141,0.0500969149326246,0.0429551020013707,0.0179719067299058,0.0572092940576123,0.0420743778623107,0.047184281912755,0.0177216345563501,0.0840412576744076,0.0703268265781915,0.0744789547727461,0.05040605510782744,0.02099906381729391,18,0.0044818612143759,0.0050845080755889,0.0018237200211028,0.0032280452506387,0.0143353711859724,0.0065682197194044,0.0,0.0038540576999965,0.0019230094613285,0.0044818612143759,0.0045780653842784,0.0037065063058638586,25,0.1471383803338508,0.0722940347206981,0.0531649036690503,0.169745650806297,0.0436678536744677,0.0531649036690503,0.0531649036690503,0.1789338116066265,0.1471383803338508,0.169745650806297,0.10881584732892388,0.05490703994384866,18,0.0,0.0528574432948828,0.0,0.0,0.0747082646982524,0.0841424722407785,0.0,0.070373025655927,0.0630818732991592,0.050540041961674,0.03957031211506739,0.0335902888827058,16
exRNA000059,0.0477900249861332,0.038765669599116,0.0210936669260091,0.0613472708482088,0.0377962562252337,0.0428549893320629,0.0209640815528983,0.0954617587458807,0.0591282844402489,0.0650062282516113,0.04902082309074029,0.0212230865179196,19,0.001538733403821,0.0004568630288911,0.0009711160616562,0.0059296615991409,0.0047302659903451,0.0,0.0,0.0011772938681284,0.0,0.001538733403821,0.0016342667355803702,0.0019519538275756575,78,0.1435764812704213,0.0734716729269915,0.0628922446586952,0.1785685524363111,0.0592394955776011,0.0628922446586952,0.0628922446586952,0.2291403796627878,0.1435764812704213,0.1785685524363111,0.11948183495569306,0.05960016812745509,15,0.0,0.0429146564219964,0.0,0.0,0.0503634468883726,0.0656727233374936,0.0,0.0562317981473895,0.0338083720503256,0.0166565386305446,0.02656475354761223,0.024933213232830532,23
MP0128,0.0466055773209976,0.0439162163208069,0.0206233745062364,0.0573081604952357,0.0369010371350557,0.0398294435539165,0.018384541994749,0.0769254197343217,0.0663072327147509,0.0685818513628758,0.04753828551389462,0.018748543891431404,20,0.0,0.0032428076219625,0.0069945778800938,0.0037136065429463,0.0042779321267346,0.0,0.0,0.0017929266830545,0.0141975070624032,0.0,0.0034219357917194904,0.004233424678458397,35,0.1398167319629928,0.0650364090322702,0.0551536259842472,0.1698575371542692,0.0554222218606253,0.0551536259842472,0.0551536259842472,0.1612031921639245,0.1398167319629928,0.1698575371542692,0.10664712392440859,0.05047584197774223,20,0.0,0.066542961159668,0.0,0.0,0.0521111915857289,0.0643347046775024,0.0,0.0682897761372101,0.0466757070953064,0.0358880169343584,0.033384235758977414,0.02875324179881481,20
MP0183,0.0641688701517725,0.0111701093365878,0.002088884331034,0.0734940703471643,0.0167477101613697,0.021618977628404,0.0018593478219009,0.122788793680118,0.0648331764761479,0.0733966836380936,0.04521666235725927,0.038238091563166,21,0.0,0.0030977394102826,0.0008565340028404,0.0003598235547848,0.0090415412244285,0.0040544097708982,0.0,0.0069222750604714,0.0024904202742309,0.0,0.0026822743297936795,0.0030136514164454367,49,0.1925066104553175,0.0261284957240094,0.0055780434657028,0.2201900509142809,0.0158973553514154,0.0055780434657028,0.0055780434657028,0.3550561555507184,0.1925066104553175,0.2201900509142809,0.12392094597624484,0.12025578579092339,13,0.0,0.0049583720158469,0.0,0.0,0.026655619362861,0.0554993976720094,0.0,0.0105709294362123,0.0,0.0,0.00976843184869296,0.017241846130681297,31
MP0119,0.0786675841109408,0.0217234323054419,0.0109516056656418,0.0819933842696903,0.0043083330895541,0.0095729024466888,0.0118739897140069,0.0734695988520716,0.0795401574356223,0.0799245946623651,0.04520255825520236,0.03381447850076682,22,0.0092985536802219,0.0056915709278136,0.0022901003962968,0.0033237980490554,0.012861619564485,0.0043873046873441,0.0066955780790045,0.001530997095758,0.0018962608601968,0.0092985536802219,0.0057274337020398,0.003591902411090724,19,0.2394168875529803,0.0647145718065423,0.0309956525538963,0.2431883667392414,0.0180321533624047,0.0309956525538963,0.0309956525538963,0.2208243598298828,0.2394168875529803,0.2431883667392414,0.1361768551244962,0.10180344812172358,9,0.0,0.0,0.0,0.0,0.0,0.0,0.0,0.0,0.0,0.0,0.0,0.0,52
MP0085,0.0429870081190189,0.0345951554691967,0.0201297110937427,0.0477536336914948,0.0411404105161791,0.0441497068794245,0.0195605122827114,0.0716995302538912,0.0603147021860245,0.0618135950320795,0.04441439655237632,0.016210756744373396,23,0.0,0.0012715318454742,0.0018212599258827,0.0019203432862647,0.0074309686788585,0.0101174065683584,0.0,0.0062275320605711,0.0011934339699501,0.0,0.00299824763353597,0.003413418549642752,44,0.128961024357057,0.0675319801000816,0.0586815368481345,0.1426666139604762,0.0539794259374034,0.0586815368481345,0.0586815368481345,0.158350850141863,0.128961024357057,0.1426666139604762,0.0999162143358818,0.041251454537017694,24,0.0,0.0368611171211241,0.0,0.0,0.0631096144642438,0.0773481747414279,0.0,0.053086315205044,0.0514078840739903,0.0427741711357626,0.03245872767415927,0.02842388543142276,21
exRNA000408,0.0443071831114681,0.0333187541150346,0.0134443889363208,0.0460351942919763,0.031378383917882,0.0363524033010297,0.0125824191663693,0.0768296017713005,0.0609864716880747,0.0586251198073676,0.04138599201068236,0.019413172837539516,24,0.0,0.0092172603746699,0.0028749580138373,0.001066125338676,0.0021421456493054,0.0115041268647464,0.0,0.0063903330555464,0.0035411727855511,0.0,0.00367361220823325,0.0038693101869675052,32,0.1329215493344047,0.0594262520525477,0.0377472574991082,0.1376705104230065,0.0374949120833338,0.0377472574991082,0.0377472574991082,0.1765936820687178,0.1329215493344047,0.1376705104230065,0.09279407382167462,0.052471379654821945,26,0.0,0.0316423260254325,0.0,0.0,0.0557633059429156,0.062759728829254,0.0,0.0488629418886734,0.0475601845799543,0.0382048489990964,0.02847933362653262,0.02459270409070524,22
MP0132,0.0236327930342702,0.036925624932446,0.016083033398296,0.029186825791234,0.0423169753328309,0.0546969520681866,0.0157653343383794,0.0949993396661368,0.050659748374308,0.0478937055497834,0.04121603324858713,0.02227341888021206,25,0.0,0.0045371647600284,0.0042867597369828,0.0039314010738511,0.0091776037262752,0.0073128849153948,0.0048048962673063,0.0036200783346603,0.0064149174885066,0.0,0.00440857063030055,0.002740675009876218,26,0.0708983791028108,0.0596386425480498,0.0443531806171409,0.084507797888894,0.0413522414927557,0.0443531806171409,0.0443531806171409,0.2021165381517236,0.0708983791028108,0.084507797888894,0.07469793180273614,0.045340898115571585,35,0.0,0.054063524750743,0.0,0.0,0.0937780679194858,0.113760209631111,0.0,0.0801771701476913,0.0751875642256812,0.0591733187604562,0.04761398554351685,0.0419174067820604,15
MP0044,0.0247304920637345,0.0368047563464247,0.0167908716062933,0.0225734595506654,0.0469623627498062,0.0459471343653178,0.0240663155211674,0.0565420025982707,0.0492101883679717,0.051046034921122,0.03746736180907737,0.013563842950622192,26,0.0105173649545991,0.0076582644592885,0.0052046641789286,0.0059069686988328,0.0134861813990517,0.0,0.0042400134072504,0.0065778248833113,0.0006295440617866,0.0105173649545991,0.006473819099764811,0.00407768715214284,15,0.0644382354597957,0.0463528164892943,0.0454536382306538,0.0620760052755899,0.0453378782467104,0.0454536382306538,0.0454536382306538,0.0831837835708498,0.0644382354597957,0.0620760052755899,0.0564263874469587,0.012222150268780235,51,0.0,0.0585422483493048,0.0,0.0,0.0880323898798959,0.0923877648652997,0.0299947615059522,0.0807455279750348,0.083419708393296,0.0814729454181596,0.05145953463869431,0.03774622251769418,14
exRNA000191,0.0420599373094793,0.0216545774425607,0.0085221222168707,0.049264672122159,0.0244101347034417,0.0311296455476917,0.0080079671496366,0.0821657916094318,0.0508172791643414,0.0561493545607843,0.03741814818263972,0.022026837355814507,27,0.0113428342446437,0.0093481328064398,0.0017339725755158,0.0,0.0133515607596798,0.0083745997899214,0.0,0.0044770484354441,0.001650329091218,0.0109103684440884,0.0061188846146951,0.0048461163010247756,16,0.1205777570352025,0.0365831041041299,0.0240239014489098,0.1477940163664771,0.0201635245485871,0.0240239014489098,0.0240239014489098,0.2045238960642785,0.1205777570352025,0.1477940163664771,0.08700857758670841,0.06508883668190325,29,0.0,0.0213018791672992,0.0,0.0,0.0482845319076731,0.0648641196089887,0.0,0.0396330515301579,0.0309831813592541,0.0151766965840557,0.022024346015742872,0.022142426100081925,26
MP0009,0.0401106104638444,0.0404467758021737,0.0239260437187288,0.0392616560891812,0.0309656445842127,0.0218140950971822,0.0270234163452577,0.0556242358082281,0.0389921655380437,0.0420260382537089,0.03601906817005614,0.009646899125466782,28,0.0188039009597284,0.00983692624403,0.0073057441974898,0.0062316682955354,0.0324624954273647,0.0,0.0251317611279385,0.0137362218764849,0.0133557612086772,0.0195774478644875,0.01464419272017364,0.009131216970130659,8,0.1075315842358276,0.07355363812718,0.0654422852915469,0.1126137031436502,0.0649838030701602,0.0654422852915469,0.0654422852915469,0.1566770746036262,0.1075315842358276,0.1126137031436502,0.09318319464345627,0.02947458907343739,25,0.0,0.04166938220919,0.0,0.0,0.0,0.0,0.0,0.0,0.0,0.0,0.004166938220919,0.012500814662757003,34
MP0118,0.0416122642398406,0.026241283649864,0.0148362988265213,0.0406363799642937,0.0302552516002185,0.0329833171399142,0.0145992573106287,0.0369004457502765,0.0547457100911828,0.0492727967011488,0.03420830052738891,0.012619430772368306,29,0.0,0.0012593956471481,0.0009383018679016,0.0008311053737129,0.0023022481353431,0.0018913779331471,0.0,0.0005109031815376,0.0008466254476018,0.0,0.00085799575863922,0.0007517386771523421,100,0.1248367927195222,0.0614781252181133,0.0437977719318861,0.121714396229147,0.0408583151821064,0.0437977719318861,0.0437977719318861,0.0742510681736357,0.1248367927195222,0.121714396229147,0.08010832022668521,0.03652495837069065,32,0.0,0.0173375494751559,0.0,0.0,0.0498429872808598,0.0559680798982845,0.0,0.0368969791633456,0.0388841525973713,0.0261039938742996,0.022503374228931672,0.020995486048901595,25
APOE,0.0515878256458757,0.0143197925958814,0.0076737606714326,0.0633665796417821,0.0069544137932263,0.0068473075263618,0.0075392590269855,0.0664779504073466,0.0519331959250972,0.0633821361609337,0.0340082221394923,0.025808406255001123,30,0.0,0.0002896254015872,0.000828636825335,0.0022364989067,0.0,0.0029082188663906,0.0,0.0006934457457679,0.0013386920443445,0.0,0.0008295117790125199,0.0009809307657911456,101,0.1547634769376273,0.0428605909921258,0.0226177770809566,0.1901464084828014,0.0208632413796789,0.0226177770809566,0.0226177770809566,0.1987794324019972,0.1547634769376273,0.1901464084828014,0.1020176366857529,0.07710969998863547,22,0.0,0.0,0.0,0.0,0.0,0.0,0.0,0.0,0.0,0.0,0.0,0.0,109
MP0156,0.0382345314558457,0.0313963878375632,0.0295419284310605,0.0349095054806514,0.0293378853174278,0.0291110144382138,0.0291180399004132,0.0444613085408503,0.0378470295257566,0.0349095054806514,0.03388671364084339,0.004897143632908471,31,0.0,0.0047196542194392,0.0014239990198182,0.0,0.0038635562405723,0.004422186104761,0.0,0.0070781466225687,0.0012266753932065,0.0,0.0022734217600365895,0.0024229348540462294,60,0.1147035943675371,0.0906871993136345,0.0873541197012398,0.1047285164419542,0.0890529967177666,0.0873541197012398,0.0873541197012398,0.1267310159913584,0.1147035943675371,0.1047285164419542,0.10073977927454614,0.013683945320668635,23,0.0,0.0,0.0,0.0,0.0,0.0,0.0,0.0,0.0,0.0,0.0,0.0,76
MP0142,0.0435805558275209,0.0261352188291371,0.0141243684279592,0.0419296015700836,0.0151274438795922,0.0183312559832941,0.0134983469451986,0.0635533840601843,0.0435805558275209,0.0413048482351318,0.032116557958562275,0.016176027521344002,32,0.0,0.0055881223041448,0.0024458746114075,0.0021178408764083,0.0018029056693225,0.004494148677449,0.0,0.0015858353259222,0.0,0.0,0.0018034727464654298,0.001874359593957179,73,0.130741667482563,0.0419564112625685,0.0404950408355961,0.1239145447053956,0.0426496732577328,0.0404950408355961,0.0404950408355961,0.1750762575755455,0.130741667482563,0.1239145447053956,0.08904798889785523,0.04975090831564919,28,0.0,0.0332349258510615,0.0,0.0,0.0014994452283751,0.012701563594768,0.0,0.0150522047596588,0.0,0.0,0.006248813943386339,0.010508237060546778,32
exRNA000053,0.045884144480456,0.0222729459844104,0.0109572249702894,0.0487837962768852,0.0071432918679966,0.0111813907184852,0.0111813907184852,0.0549720368746674,0.0464331917502653,0.0487837962768852,0.03075932099188259,0.01870534320964703,33,0.0,0.004477439276825,0.0015477267559127,0.0,0.0029195916705245,0.0,0.0,0.003671988665198,0.0024689574240285,0.0,0.00150857037924887,0.0016669835553704937,83,0.1376524334413682,0.0642604827515411,0.0335441721554557,0.1463513888306558,0.0235486649149157,0.0335441721554557,0.0335441721554557,0.162446135528962,0.1376524334413682,0.1463513888306558,0.09188954442058339,0.05544843534273538,27,0.0,0.0,0.0,0.0,0.0,0.0,0.0,0.0,0.0,0.0,0.0,0.0,69
HBZ,0.0259309525651279,0.0212143988396629,0.0109398943286377,0.0287366473854186,0.0309036155579467,0.0289392202344315,0.0103309747397248,0.0602515544119151,0.0409104843738851,0.0417131358383475,0.02998708782750978,0.014208557456055898,34,0.0057212673058108,0.0064081824335765,0.0022672500412446,0.0033662192944927,0.0183314907166866,0.0058680018647008,0.0,0.0056021516723961,0.0045028694932166,0.0,0.00520674328221247,0.004912277837415144,22,0.0731819597325704,0.0329540898943334,0.0309929242191744,0.0859589209201519,0.0239254883271249,0.0309929242191744,0.0309929242191744,0.1305605798798373,0.0731819597325704,0.0859589209201519,0.05987006920642633,0.03351263772112127,49,0.0,0.0272322720336975,0.0,0.0,0.0523849510822685,0.0518915142858654,0.0,0.0457931787530625,0.0454432506044976,0.0391804865948909,0.02619256533542824,0.02239468459703753,24
MP0073,0.0250588930858336,0.0297247858086328,0.0165852404711855,0.0288104094664447,0.0282568128559466,0.0342820855340724,0.016531061712462,0.0456445343971351,0.0375555597082664,0.0371842761027712,0.02996336591427503,0.008729758171578473,35,0.0,0.0063291329167415,0.0011604342906734,0.0010054624489056,0.0,0.0016386509720079,0.0,0.0010865999676352,0.0022529421353267,0.0,0.00134732227312903,0.0018222057414867458,90,0.0751766792575008,0.0719431540041655,0.0495931851373862,0.0859333393963409,0.0367423073724713,0.0495931851373862,0.0495931851373862,0.1063499206622748,0.0751766792575008,0.0859333393963409,0.06860349747587535,0.020548278295187974,40,0.0,0.0121100179714249,0.0,0.0,0.0480281311953685,0.0546841820820051,0.0,0.0314424746581043,0.0367733177237661,0.0256194889119729,0.020865761254264183,0.020216770477292884,28
MP0138,0.0428463068925766,0.0048469561208284,0.0023228959591887,0.0569788537854522,0.0042721220770123,0.0096159857662572,0.0022388302037862,0.0715600416872658,0.0443503495967703,0.05705921948734,0.02960915615764777,0.02608359927761904,36,0.0070150242934512,0.0006008350873795,0.0007176046841993,0.001854598355838,0.006970013654509,0.0070767183336219,0.0,0.0018118840629356,0.0,0.0041399837044158,0.00301866621763503,0.002854575703972474,43,0.133051048790311,0.0079428618032122,0.0067164906113587,0.1715752055601277,0.0105263753405873,0.0067164906113587,0.0067164906113587,0.2112347566371038,0.133051048790311,0.1715752055601277,0.08591059743158568,0.0808729298129192,30,0.0,0.0069848991180201,0.0,0.0,0.0039714726260477,0.027643286584919,0.0,0.004308076960719,0.0,0.0,0.00429077352897058,0.008143493452165715,33
MP0042,0.0237701640099896,0.0522115789513982,0.0225587149480454,0.0180884251755787,0.0293663151260828,0.0365528085398117,0.0204888504047487,0.0402023050210241,0.0309091778548325,0.0219272775626083,0.029607561759412,0.010157601384377638,37,0.0049748925745022,0.0118486746235527,0.0070306365754268,0.0018789102349343,0.0052514062804,0.0039868974817337,0.0,0.0032897896131927,0.0054917751809974,0.0049511595564151,0.00487041421211549,0.002997671855891044,24,0.0696754585873751,0.0787625833631386,0.0614665512142463,0.0528820221165669,0.0561240380668399,0.0614665512142463,0.0614665512142463,0.0720721868256134,0.0696754585873751,0.0528820221165669,0.06364734233062148,0.008214479793591559,45,0.0,0.0679409875823016,0.0,0.0,0.0302505685215311,0.0444753957255823,0.0,0.0470758844259906,0.019058811995303,0.0112407133246763,0.022004236157538493,0.023179737425008284,27
MP0136,0.036870530974246,0.026589032918877,0.0209763909066621,0.0361095662224314,0.017466993851429,0.0256660108919354,0.0200850453951595,0.0376008591267003,0.036359258445545,0.0366262191887113,0.029434990792169703,0.007685602750896685,38,0.0040214318657198,0.0029251636192776,0.0032233029976737,0.0011826644850985,0.0,0.0,0.0,0.0038714471816156,0.0012970122735641,0.0040484326769243,0.0020569455099873598,0.0016512654812636748,63,0.1083960508993734,0.0614479516224113,0.0602551361854786,0.1075688070065917,0.0524009815542872,0.0602551361854786,0.0602551361854786,0.1098387947490996,0.1083960508993734,0.1075688070065917,0.08363828522941641,0.024831825124624216,31,0.0,0.0159548262955877,0.0,0.0,0.0,0.0167428964903279,0.0,0.0,0.0,0.0,0.0032697722785915593,0.006541918353738087,37
HBA1,0.0280269983583794,0.0308163272727244,0.0191973139507496,0.0255460149169153,0.0254279334956238,0.037866332895008,0.0187608274323937,0.0376635048994535,0.0346389400473215,0.0266300840767175,0.028457427734528674,0.006465347891084977,39,0.0,0.0025630420047742,0.0016997025210466,0.002516846236457,0.0031315634357476,0.0,0.0,0.0032853936081771,0.0015165089083398,0.0,0.0014713056714542301,0.0013055873831176253,85,0.0840809950751382,0.0628737645386004,0.0562824822971812,0.074963420873365,0.0391213624619591,0.0562824822971812,0.0562824822971812,0.0808565548211805,0.0840809950751382,0.074963420873365,0.066978796061029,0.014287030314798319,42,0.0,0.0278033626601624,0.0,0.0,0.034091787310671,0.057316516387843,0.0,0.0300141425844241,0.0188275902281318,0.0049268313567878,0.01729802305280201,0.01872924063818,29
MP0018,0.0092597666832288,0.0241054832909659,0.012001036989091,0.0123130314088075,0.03778367873239,0.0421088283705573,0.0114771239016778,0.0593982029726363,0.0316027621508586,0.0291224663129562,0.026917238081316942,0.01557099704637817,40,0.0,0.0051996684231463,0.0016429615147368,0.0027797146367997,0.0028010298465647,0.0,0.0,0.0013445536156243,0.0,0.0,0.0013767928036871801,0.001678114897597779,88,0.0277793000496865,0.0314503428275203,0.0344313717050334,0.034643937326149,0.0349132199847089,0.0344313717050334,0.0344313717050334,0.1199888843971703,0.0277793000496865,0.034643937326149,0.041449303707617076,0.02631593334079523,61,0.0,0.0369092511919128,0.0,0.0,0.0809091429147544,0.0918951134066386,0.0,0.0581114679862851,0.0670289864028894,0.0527234616127198,0.038757742351520005,0.034613955727490126,17
exRNA000097,0.0311656060029766,0.0031650609924011,0.0051172718202927,0.044207351253584,0.0048849550651675,0.0035394468857871,0.0035394468857871,0.0877384010693986,0.0309333014951822,0.0452945520256911,0.025958539349626802,0.026417308897795633,41,0.0,0.0103266951421052,0.0048008506527123,0.0036489330481636,0.0043196608536338,0.0,0.0,0.0012293922045899,0.0016518712248225,0.0,0.00259774031260273,0.00313720446013507,52,0.09349681800893,0.0014757469689699,0.0106183406573615,0.1358836560770736,0.010339921948548,0.0106183406573615,0.0106183406573615,0.263707435502321,0.09349681800893,0.1358836560770736,0.07661390745639304,0.08105805857849285,33,0.0,0.0,0.0,0.0,0.0,0.0,0.0,0.0,0.0,0.0,0.0,0.0,68
subgroup_SIDD,0.0313161044091438,0.0159513799681636,0.0106236204593513,0.0421594815750675,0.0086384325090483,0.0090050132428393,0.0090050132428393,0.057046912833402,0.0320258839852109,0.0411512436427856,0.025692308586785156,0.01653697770704988,42,0.0,0.0,0.004855821649536,0.0030310971038358,0.0,0.0,0.0,0.0003122178830139,0.0021293387282014,0.0,0.00103284753645871,0.0016349427095524807,95,0.0939483132274314,0.029489212693502,0.027015039728518,0.1234537309283564,0.0259152975271452,0.027015039728518,0.027015039728518,0.1708285206171927,0.0939483132274314,0.1234537309283564,0.07420822383349696,0.050969255942832074,36,0.0,0.0183649272109889,0.0,0.0,0.0,0.0,0.0,0.0,0.0,0.0,0.00183649272109889,0.00550947816329667,44
exRNA000048,0.0349194118961933,0.0104157095305,0.0112976997042467,0.0369959956228872,0.0118563950945125,0.0122696583097279,0.0134999046196692,0.0485299520676826,0.0354362422752661,0.0363058749155598,0.02515268440362453,0.013783993717114189,43,0.0,0.000538610745264,0.0024181198628244,0.0026399447123255,0.0,0.0038941637913219,0.0132189897059287,0.0047833309161538,0.0031843400666089,0.0,0.00306774998004272,0.0037672574995857265,42,0.1047582356885802,0.0309400924475331,0.0345909584930889,0.1089176247466795,0.0355691852835376,0.0345909584930889,0.0345909584930889,0.1429664354143459,0.1047582356885802,0.1089176247466795,0.07406003094952027,0.04132463327549184,38,0.0,0.0,0.0,0.0,0.0,0.0,0.0,0.0,0.0,0.0,0.0,0.0,81
MP0146,0.038610398434845,0.007579572080129,0.007256645659553,0.0418187660064162,0.005912640561229,0.0078333153289313,0.0078333153289313,0.0482111688023607,0.0399233324549942,0.0418187660064162,0.02467979206638059,0.017559723661656982,44,0.0,0.0048912697536948,0.002160188869675,0.0,0.0,0.0,0.0,0.0019834350007755,0.0047386553211408,0.0,0.00137735489452861,0.001897596884381282,87,0.1158311953045351,0.024946544352373,0.0234999459867941,0.1254562980192487,0.0177379216836871,0.0234999459867941,0.0234999459867941,0.1457494226355069,0.1158311953045351,0.1254562980192487,0.0741508713279517,0.05212041862198651,37,0.0,0.0,0.0,0.0,0.0,0.0,0.0,0.0,0.0,0.0,0.0,0.0,73
MP0176,0.0381738220312654,0.0016309623460873,0.0014226399135614,0.0450956799980673,0.0007531511157802,0.0014006020065728,0.0014006020065728,0.0678968839298429,0.0381738220312654,0.0450956799980673,0.02410438453770828,0.024063810888871957,45,0.0,0.001857101079759,0.000165639002512,0.0,0.0,0.0,0.0,0.0010642828924542,0.0,0.0,0.00030870229747252,0.0006046476403755967,107,0.1145214660937965,0.0032856077561614,0.0042018060197187,0.135287039994202,0.0022594533473407,0.0042018060197187,0.0042018060197187,0.2042124190077195,0.1145214660937965,0.135287039994202,0.07219799103463746,0.07244416996914069,39,0.0,0.0,0.0,0.0,0.0,0.0,0.0,0.0,0.0,0.0,0.0,0.0,83
MP0010,0.0335577765952417,0.0194104896851223,0.0110318256110542,0.0356507219683486,0.0095002337587567,0.0130401854082309,0.0109463903513915,0.0249534375689713,0.0335577765952417,0.0356507219683486,0.02272995595107075,0.010625226537348362,46,0.0,0.0009998242927472,0.0007041206693339,0.0,0.0025096735227003,0.0,0.0,0.0018333713297773,0.0,0.0,0.0006046989814558699,0.000865940966521697,105,0.1006733297857253,0.0459044581626646,0.0328391710541747,0.1069521659050459,0.0268847339346204,0.0328391710541747,0.0328391710541747,0.0686491338991207,0.1006733297857253,0.1069521659050459,0.06552068305404721,0.03316039266169993,44,0.0,0.0117146590378588,0.0,0.0,0.0,0.0062813851705182,0.0,0.0047420574440221,0.0,0.0,0.00227381016523991,0.0038402346042997783,43
MP0024,0.0372645654095459,0.0115869740798793,0.0092516405439514,0.0387856028727558,0.0071643642555705,0.0094155268750482,0.0095168744585797,0.0278039312186588,0.0379207064710541,0.0378348086352444,0.02265449948202881,0.013614773793780885,47,0.0,0.0041405892306148,0.002365395670084,0.0033046780113587,0.0042941879723485,0.002437664371768,0.0,0.0002384026970533,0.0027948024280276,0.0,0.0019575720381254896,0.0016610118649758676,68,0.1117936962286377,0.03803914368219,0.0285506233757391,0.1135044259057334,0.0244381001515351,0.0285506233757391,0.0285506233757391,0.0834561488065424,0.1117936962286377,0.1135044259057334,0.06821815070362271,0.03959741131591901,41,0.0,0.0,0.0,0.0,0.0,0.0,0.0,0.0,0.0,0.0,0.0,0.0,67
MP0021,0.0288255100611285,0.0170368790758719,0.0116124483439437,0.0351686541705697,0.0070398607633372,0.0142974284384028,0.0114192535339381,0.0364169616755497,0.0292058576111581,0.0348182784936726,0.02258411321675723,0.01080875551718295,48,0.0,0.0039842730100249,0.0013318426684767,0.0018032704955992,0.0007913018451774,0.0096704803003365,0.0,0.0037051157483092,0.0016081817366859,0.0,0.00228944658046098,0.002809676910258513,57,0.0864765301833858,0.0491910068231351,0.0342577606018144,0.1044548354810179,0.0211393615180283,0.0342577606018144,0.0342577606018144,0.1116070745014534,0.0864765301833858,0.1044548354810179,0.06665734559768674,0.033450766740606847,43,0.0,0.0,0.0,0.0,0.0,0.0153457213227042,0.0,0.0,0.0,0.0,0.00153457213227042,0.00460371639681126,46
MP0080,0.0309607543695855,0.0198166825003414,0.0138038636821867,0.0308317483500182,0.0201986088586013,0.0118243965736097,0.0118243965736097,0.0287813428692201,0.0235467949226506,0.0340802440433425,0.022566883274316572,0.007947749110179583,49,0.0273331794858849,0.0166459010875527,0.0069442410522776,0.0079872664769983,0.0240710818128855,0.0,0.0,0.0055649501298593,0.004443613693488,0.0187117151508164,0.011170194888976272,0.009320594031211122,10,0.0672843260371915,0.0193045948531517,0.0354731897208293,0.0853253447387464,0.0386128790117989,0.0354731897208293,0.0354731897208293,0.0837451622055171,0.0672843260371915,0.0853253447387464,0.055330154678483144,0.023775713176356413,52,0.0,0.0245302486539798,0.0,0.0,0.0,0.0,0.0,0.0,0.0,0.0,0.0024530248653979797,0.00735907459619394,42
MP0120,0.0283095864200457,0.0177305001527839,0.0111711230723363,0.0263171354197256,0.0126845178534969,0.0164346667916364,0.0123525087778367,0.0260393150349841,0.0286051287727638,0.0260964308177385,0.02057409131133479,0.006790871470767502,50,0.0,0.0012245009674829,0.000729804883913,0.001237863799959,0.0032901845454773,0.0005891619635134,0.0050493823943613,0.0032115235539902,0.0011105835339384,0.0,0.00164430056426355,0.001572992344849393,77,0.0849287592601371,0.0406697551703728,0.0328888763323293,0.0782892924532156,0.0291320626349007,0.0328888763323293,0.0328888763323293,0.0730687472966347,0.0849287592601371,0.0782892924532156,0.05679732975256015,0.02347686244808577,50,0.0,0.0118235410500688,0.0,0.0,0.0064742611584824,0.0164251290790965,0.0,0.0031574640812268,0.0,0.0,0.00378803953688745,0.005638920019559507,35
MP0015,0.0291782481257241,0.0124135745193719,0.0070544200923573,0.0361710731420267,0.0065895267172261,0.0090083181842694,0.0080447225427931,0.0293508378214666,0.0291782481257241,0.0361274947018389,0.02031164639727982,0.01202196121701726,51,0.0,0.0026191886283368,0.0031969835610588,0.0007182338132994,0.0059574764706816,0.00473662844376,0.0,0.0023122025142376,0.0,0.0,0.0019540713431374203,0.0020660643748478566,69,0.0875347443771723,0.0354813840563115,0.0241341676283793,0.1083824841055169,0.0164162622653199,0.0241341676283793,0.0241341676283793,0.0866628188241537,0.0875347443771723,0.1083824841055169,0.06027974249963014,0.036425205145763216,48,0.0,0.0,0.0,0.0,0.0,0.0,0.0,0.0,0.0,0.0,0.0,0.0,93
exRNA000210,0.0323683831781377,0.0097091386624154,0.0057137575269486,0.0328593182810668,0.003726248071206,0.0058624237933882,0.0058624237933882,0.0421659580654681,0.0319769156923371,0.0323289013833483,0.020257346844770437,0.014418843177576015,52,0.0,0.0008542922140506,0.0013486591685758,0.003804349950591,0.0053616925789517,0.0,0.0,0.0020027014994928,0.0013752641912296,0.0,0.00147469596028915,0.0017298672127228798,84,0.0971051495344132,0.0292223536269818,0.0175872713801649,0.096986704150045,0.0133499410175897,0.0175872713801649,0.0175872713801649,0.1258185581761586,0.0971051495344132,0.096986704150045,0.06093363743301412,0.04281704425786257,46,0.0,0.0,0.0,0.0,0.0,0.0,0.0,0.0,0.0,0.0,0.0,0.0,98
MP0088,0.0193900836974883,0.0019283204452888,0.001724617153517,0.0335221822301163,0.0022896470326141,0.0022689815388253,0.0017055926284783,0.0858943631125731,0.0187041537349414,0.0340148599887705,0.02014428015626131,0.025192225049950567,53,0.0,0.0014208744961498,0.0014516003784184,0.0023966985486625,0.0034380798562729,0.0024684330266954,0.0,0.0023150832770016,0.0026763656223679,0.0,0.0016167135205568499,0.001190321976589375,79,0.058170251092465,0.0059397209106461,0.005116777885435,0.1020445799663116,0.0069202808527843,0.005116777885435,0.005116777885435,0.2590340128381054,0.058170251092465,0.1020445799663116,0.060767401037539394,0.07610999485161425,47,0.0,0.0,0.0,0.0,0.0,0.0,0.0,0.0,0.0,0.0,0.0,0.0,95
MP0100,0.0250742591070394,0.0054744089054852,0.002212562419538,0.033169905838055,0.0027447164065337,0.0041175996495975,0.0019864907771425,0.05323808129259,0.0252421176578648,0.0336935989353908,0.01869537409892369,0.017040558191659495,54,0.0014468410199258,0.0030711867294849,0.0010119298964067,0.0012218063102548,0.0,0.0076483821668215,0.0,0.0029204221419265,0.0016299129674336,0.0014468410199258,0.00203973222521796,0.0021027090766093616,64,0.0743334030447903,0.0141112143428734,0.0059594723314277,0.1001914225298445,0.0082341492196013,0.0059594723314277,0.0059594723314277,0.1604479633214172,0.0743334030447903,0.1001914225298445,0.05497213950274447,0.05198577992822012,53,0.0,0.0,0.0,0.0,0.0,0.0,0.0,0.0,0.0,0.0,0.0,0.0,71
MP0077,0.0122623934901056,0.0168460935699557,0.0142037903467033,0.0140059576961667,0.0186389933864826,0.0260226317701661,0.0131937633797548,0.0185380489141267,0.0206191712740625,0.0168480447904293,0.01711788886179533,0.003913839658008271,55,0.0,0.0011522237484165,0.0034358477753256,0.0025551672064873,0.0,0.0041207908964325,0.0,0.0050964005185517,0.0064935685041644,0.0,0.0022853998649378,0.00229241513046932,59,0.036787180470317,0.0381521758456324,0.0395812901392647,0.039545566177406,0.0292384473173395,0.0395812901392647,0.0395812901392647,0.0309163718415932,0.036787180470317,0.039545566177406,0.03697163587178052,0.003627826767332863,69,0.0,0.0125354617395905,0.0,0.0,0.0266785328421086,0.036437936463042,0.0,0.0211237558213565,0.0195641952117927,0.0109985681938819,0.012733845027177221,0.012349236147050252,30
MP0074,0.0061302450653101,0.0328790049506815,0.020718322677496,0.0108414665484748,0.0176219382265621,0.0199787582469326,0.0199787582469326,0.0165131863421827,0.0053689069536756,0.0108414665484748,0.01608720538067228,0.007780074189935646,56,0.0,0.0048668079155382,0.0028160698272934,0.0,0.0,0.0,0.0,0.0034714983761434,0.0024843005294422,0.0,0.0013638676648417198,0.001767420962393582,89,0.0183907351959303,0.0666218097423931,0.0599362747407979,0.0325243996454246,0.0528658146796865,0.0599362747407979,0.0599362747407979,0.0514747287963346,0.0183907351959303,0.0325243996454246,0.04526014471235176,0.01722580367362294,54,0.0,0.0274378129267312,0.0,0.0,0.0,0.0,0.0,0.0,0.0,0.0,0.00274378129267312,0.00823134387801936,39
MP0093,0.0059438849468758,0.0305155540121211,0.0187962180218393,0.0016671466364749,0.0232213577493679,0.0254066291167107,0.017258340530759,0.0167908796803596,0.0087824376738014,0.0034938372195888,0.015187628558789851,0.009326391099927531,57,0.015627796020444,0.0208060946385664,0.0075609728314151,0.007288698377513,0.0225630263557206,0.0335850058820912,0.0,0.0306625667062131,0.0245813032178895,0.015627796020444,0.017830326005029692,0.010168156244341475,6,0.0025157325775098,0.0489690209750461,0.0517750215922772,0.0084613530979613,0.0523437889298426,0.0517750215922772,0.0517750215922772,0.0240264231313071,0.0025157325775098,0.0084613530979613,0.03026184691639696,0.02180623275877505,79,0.0,0.0269590369826878,0.0,0.0,0.0,0.0,0.0,0.0,0.0,0.0,0.00269590369826878,0.00808771109480634,40
MP0082,0.0232191225367821,0.0032303197873367,0.0006698105212026,0.0231631694751567,0.0020397173805853,0.0028403173468812,0.0010017039808164,0.0445018407264091,0.0233152386951239,0.0233298779430072,0.01473111183933012,0.01413511857792826,58,0.0,0.0062613128535243,0.0038387473828109,0.0046096341832292,0.0057552652486692,0.0085772103620551,0.0,0.0026716400556615,0.0009205692871238,0.0039680478394303,0.00366024272125043,0.002676510926003788,33,0.0696573676103465,0.0127980591369393,0.0030051119424494,0.0734023759469113,0.0022368314920733,0.0030051119424494,0.0030051119424494,0.134891925441849,0.0696573676103465,0.0734023759469113,0.04450616390127254,0.04366216490006626,55,0.0,0.0,0.0,0.0,0.0,0.0,0.0,0.0,0.0,0.0,0.0,0.0,101
MP0098,0.01275838002541,0.0166114008152959,0.0108125190652185,0.0138153220646321,0.0082422031413185,0.0105102379166988,0.009636434928301,0.0356112826532735,0.0125464495949395,0.0143355618134165,0.014487979201850429,0.007414973031937785,59,0.0043359282578655,0.0017895071271196,0.0012105651088893,0.0008809730254584,0.0,0.0,0.0083402067134408,0.0050479960691465,0.0021138549332587,0.0076846418608817,0.00314036730960605,0.002901526117809548,38,0.0379134030666877,0.046029695664928,0.0315307137500965,0.0406368106247477,0.0247266094239558,0.0315307137500965,0.0315307137500965,0.1042254985787845,0.0379134030666877,0.0406368106247477,0.042667437230082865,0.021326278159222695,60,0.0,0.0022207519378284,0.0,0.0,0.0,0.0,0.0,0.0,0.0,0.0,0.00022207519378284,0.00066622558134852,48
subgroup_MARD,0.0193810696115302,0.0047674557114091,0.0039920729491965,0.0238648645388645,0.0040896432794177,0.0039920729491965,0.0039920729491965,0.0353031609764404,0.0193810696115302,0.0238648645388645,0.01426283471156461,0.010906913531028186,60,0.0,0.0,0.0,0.0,0.0,0.0,0.0,0.0004707700130665,0.0,0.0,4.707700130665e-05,0.00014123100391995,108,0.0581432088345906,0.0143023671342276,0.0119762188475898,0.0715945936165939,0.0122689298382533,0.0119762188475898,0.0119762188475898,0.1054387129162545,0.0581432088345906,0.0715945936165939,0.04274142713338739,0.03263010447966739,59,0.0,0.0,0.0,0.0,0.0,0.0,0.0,0.0,0.0,0.0,0.0,0.0,103
MP0131,0.0173463322949369,0.00092555066396,0.0034972817009126,0.0235068897666838,0.0039496687719957,0.0038546661289913,0.0036607040993636,0.0454386255016621,0.0193498464715785,0.0208906859163746,0.014242025131645911,0.013257333926171917,61,0.006110619283939,0.0012034473639719,0.0010403901937788,0.0026445192082048,0.0014389336406194,0.0044404375634709,0.0063849735116245,0.0032274048358835,0.0017689579903852,0.006110619283939,0.0034370302875817,0.0020536065862878654,34,0.0576570078537348,0.0032871103826906,0.0100061002882533,0.0683037940667596,0.0121578446627843,0.0100061002882533,0.0100061002882533,0.137353508091233,0.0576570078537348,0.0683037940667596,0.043473836784245656,0.040502720186555506,56,0.0,0.0,0.0,0.0,0.0,0.0,0.0,0.0,0.0,0.0,0.0,0.0,64
YWHAQ,0.0243824334671403,0.0047578110018456,0.0021518709190499,0.0274599589947999,0.0018555401247325,0.0022250431834161,0.0022250431834161,0.025714504578489,0.0239092015991648,0.0274227180087522,0.014210412506080638,0.011639146365314872,62,0.0,0.0010649973318047,0.0003208814066077,0.000717732810362,0.0015192154188804,0.0,0.0,0.0059806580730628,0.00383105976802,0.0,0.00134345448087376,0.0019093698065363507,91,0.0731473004014209,0.0151914505326657,0.0066751295502484,0.0822681540262568,0.0045992909146269,0.0066751295502484,0.0066751295502484,0.0787227820452256,0.0731473004014209,0.0822681540262568,0.04293698209986188,0.03519117964781849,57,0.0,0.0,0.0,0.0,0.0,0.0,0.0,0.0,0.0,0.0,0.0,0.0,104
SERPINF2,0.0126587738839391,0.0121173063927392,0.0047486196404449,0.0169981118241724,0.0057491536031621,0.0046035092049935,0.0046035092049935,0.0504371344903564,0.0148127472097687,0.0153083753020819,0.01420372407566517,0.012939114418701436,63,0.0109576576307385,0.0059606809049792,0.0007853686741384,0.0015740450088643,0.0104554664785221,0.0,0.0,0.0014993024771041,0.0,0.0107325677285234,0.004196508890287,0.0045753713273769085,29,0.0444382416293061,0.031237330188457,0.0138105276149807,0.052014982572845,0.0096386413087604,0.0138105276149807,0.0138105276149807,0.1523703623048519,0.0444382416293061,0.052014982572845,0.04275843650513136,0.039919150880483825,58,0.0,0.0,0.0,0.0,0.0,0.0,0.0,0.0,0.0,0.0,0.0,0.0,59
SHBG,0.0113945908130327,0.0166753033215134,0.0155619906199379,0.0132198655005536,0.015941158525882,0.0192141282621743,0.017814486614543,0.0041483774971648,0.0129381133221388,0.0119726591656687,0.01388806736426092,0.0040579090487746486,64,0.0037424507861664,0.005874336454496,0.0009637351080641,0.0020677674440036,0.0067742137946901,0.0140046501114967,0.012398337204492,0.0041188809699581,0.0032715439034791,0.0037424507861664,0.00569583665630125,0.004082961457541585,20,0.036531473274156,0.0396603593725558,0.0469344510320139,0.038265745153786,0.0471866743308422,0.0469344510320139,0.0469344510320139,0.0153631610264447,0.036531473274156,0.038265745153786,0.03926079846817684,0.009097305961882402,64,0.0,0.0075051088985692,0.0,0.0,0.0,0.0,0.0,0.0,0.0,0.0,0.0007505108898569199,0.00225153266957076,47
MP0135,0.0184678157857637,0.0142673306216885,0.0115693622897297,0.0185590502774481,0.0094248252558267,0.011655378058345,0.0107733886922165,0.0054724158599039,0.0184678157857637,0.0177205262310918,0.013637790885777762,0.004344855686465896,65,0.0,0.0038994975086006,0.0027501981008536,0.0030225636946422,0.0035745029886687,0.0029932810953398,0.0,0.0002916669321812,0.0,0.0,0.0016531710320286097,0.0016247365946932088,76,0.0554034473572914,0.0393957282547034,0.0323201660766497,0.0531615786932755,0.0247364973978714,0.0323201660766497,0.0323201660766497,0.0165030355934395,0.0554034473572914,0.0531615786932755,0.03947258115770972,0.013343880701075986,63,0.0,0.0,0.0,0.0,0.0,0.0,0.0,0.0,0.0,0.0,0.0,0.0,70
MP0066,0.0169491431489671,0.005888241349546,0.0032454326867595,0.0225164123761482,0.0010797269979846,0.0031923467214119,0.0031923467214119,0.0341978262917628,0.0169491431489671,0.0238308275751574,0.013104144701811652,0.010809724791518906,66,0.0,0.0004808666540458,0.0007074891247881,0.000700933317281,0.0,0.0,0.0,0.0022286807995748,0.0,0.0045382001430795,0.0008656170038769201,0.001388971986289601,98,0.0508474294469016,0.0174351947130971,0.009577040164236,0.0677740748077354,0.0032391809939539,0.009577040164236,0.009577040164236,0.100621967584178,0.0508474294469016,0.0677740748077354,0.03872704722932109,0.03173979912887347,66,0.0,0.0,0.0,0.0,0.0,0.0,0.0,0.0,0.0,0.0,0.0,0.0,50
exRNA000099,0.0144858465327598,0.0032453340412777,0.0082934674382146,0.0170792156397596,0.0063151083660607,0.0074699239575684,0.0074699239575684,0.0345290310349293,0.0142546605741951,0.0174855049774408,0.01306280165197744,0.008527353751256966,67,0.0,0.0069781895754375,0.0028763577291842,0.0019771766410271,0.0,0.0,0.0,0.0065655283921209,0.0009624441213623,0.0,0.0019359696459132,0.002596737723805067,70,0.0434575395982794,0.011408398133824,0.0224097718727053,0.0524565149323225,0.0189453250981821,0.0224097718727053,0.0224097718727053,0.1057244521222328,0.0434575395982794,0.0524565149323225,0.03951356000335586,0.026154547340636533,62,0.0,0.0,0.0,0.0,0.0,0.0,0.0,0.0,0.0,0.0,0.0,0.0,85
MP0026,0.0193068476791152,0.0031512969149864,0.0065877068848872,0.0217057152686444,0.0079362152626552,0.0086549763694138,0.0062256757341229,0.0160768363013633,0.0190976867639401,0.0217057152686444,0.013044867244777292,0.006830160540218691,68,0.0,0.0031138424905435,0.0012413821858462,0.0,0.0052159516771907,0.0082676730410775,0.0,0.0037780767946196,0.0008619189235215,0.0,0.0022478845112799,0.0026699163832683117,61,0.0579205430373456,0.0082083939498266,0.0186770272023689,0.0651171458059333,0.020566852618836,0.0186770272023689,0.0186770272023689,0.050516501445001,0.0579205430373456,0.0651171458059333,0.03813982073073281,0.021754054392359463,67,0.0,0.0,0.0,0.0,0.0,0.0,0.0,0.0,0.0,0.0,0.0,0.0,89
exRNA000086,0.0087476679883389,0.0151109084932392,0.0151597634326048,0.0082660960790523,0.0146986436440719,0.0160640831877879,0.0150702124037502,0.0201941535355391,0.0094051450089638,0.0076867239234351,0.013040339769678323,0.003988306899234148,69,0.0046140463204578,0.0047883430360932,0.0005725192159408,0.0016791564627293,0.0081140715811832,0.0051851570123252,0.0,0.0008425441570857,0.0014426617109832,0.0046140463204578,0.00318525458172562,0.00250421878910121,37,0.0288400837587226,0.0456528431111412,0.0452106372112508,0.0255759673876939,0.0370034731570521,0.0452106372112508,0.0452106372112508,0.0612456897207031,0.0288400837587226,0.0255759673876939,0.03883660199154818,0.011069883946435866,65,0.0,0.0,0.0,0.0,0.0,0.0,0.0,0.0,0.0,0.0,0.0,0.0,77
subgroup_SIRD,0.0184541579327514,0.0059256230597095,0.0032437829052043,0.0217413831478222,0.0028336653919198,0.0032437829052043,0.0032437829052043,0.0285727790306433,0.0184541579327514,0.0217413831478222,0.01274544983590327,0.009450583101167842,70,0.0,0.0028736249157222,0.0,0.0,0.0,0.0,0.0,0.0015434016684273,0.0,0.0,0.00044170265841495,0.0009321371402242941,106,0.0553624737982543,0.0149032442634063,0.0097313487156129,0.0652241494434667,0.0085009961757594,0.0097313487156129,0.0097313487156129,0.0841846805873609,0.0553624737982543,0.0652241494434667,0.03779562136568073,0.02831753506543025,68,0.0,0.0,0.0,0.0,0.0,0.0,0.0,0.0,0.0,0.0,0.0,0.0,90
exRNA000066,0.0120399776379185,0.0093810012746466,0.0070114176123772,0.0187357510555991,0.0069212969536162,0.007040756299112,0.007040756299112,0.0235634760708112,0.0108269561374217,0.0187357510555991,0.01212971403962136,0.005765332302348192,71,0.0,0.0073193785347014,0.0002670615850206,0.0,0.0,0.0,0.0,0.0006941191753494,0.0040549964041625,0.0,0.00123355556992339,0.0023527181694990512,92,0.0361199329137556,0.0215016115304217,0.0211222688973362,0.0562072531667975,0.0207638908608486,0.0211222688973362,0.0211222688973362,0.0707753806832527,0.0361199329137556,0.0562072531667975,0.03610620619276378,0.0176982828862505,70,0.0,0.0,0.0,0.0,0.0,0.0,0.0,0.0,0.0,0.0,0.0,0.0,107
exRNA000221,0.0163483967954251,0.0041414212977409,0.0026353631634532,0.0204083895793701,0.0032084414699226,0.0020856057928492,0.0038409507562032,0.0309135982163691,0.0168959829652671,0.0205106704103786,0.012098882044697909,0.009670825361297137,72,0.0,0.0022958289456801,0.0026377544438365,0.0003536868209599,0.0059487349088229,0.0,0.0097418233522626,0.0049630177096744,0.0036319697459508,0.0,0.00295728159271872,0.0030497843776072695,45,0.0490451903862754,0.0120019944833373,0.0062568173785476,0.0615320112311359,0.0042476024561733,0.0062568173785476,0.0062568173785476,0.0922070166439788,0.0490451903862754,0.0615320112311359,0.03483814689539548,0.030046531628475776,71,0.0,0.0,0.0,0.0,0.0,0.0,0.0,0.0,0.0,0.0,0.0,0.0,97
MFGE8,0.0158939327014568,0.0020117720328606,0.0022993061083306,0.0157865281893985,0.0026171697742934,0.0053756707960079,0.0015756113770117,0.0386644254706431,0.0156358711832318,0.0160054741566717,0.01158657617899061,0.010965863220599219,73,0.0,0.0021092038153841,0.002397104984783,0.0008003257596112,0.0,0.0117132788307528,0.0,0.0079936474382394,0.0010796465591286,0.0,0.00260932073878991,0.003808080411599519,50,0.0476817981043706,0.0064506379221116,0.0047268341310352,0.0480164224700153,0.0078515093228805,0.0047268341310352,0.0047268341310352,0.1234935148871823,0.0476817981043706,0.0480164224700153,0.03433726056740518,0.03576132099346758,73,0.0,0.0,0.0,0.0,0.0,0.0,0.0,0.0,0.0,0.0,0.0,0.0,56
MP0034,0.0122348943983999,0.0137774129394552,0.0103043120906867,0.0080901199822775,0.0080079303243943,0.011324708059441,0.0097684922895203,0.0205842508042822,0.0133836238864641,0.0076805651603214,0.011515630993524262,0.003669663723779392,74,0.0,0.0,0.0019259925325623,0.0020428561857078,0.0,0.005594008346758,0.0,0.0036299463378702,0.0035781346874609,0.0,0.0016770938090359202,0.0019242858371076425,75,0.0367046831952,0.0413322388183658,0.029305476868561,0.0230416954809644,0.0240237909731832,0.029305476868561,0.029305476868561,0.0636897448620722,0.0367046831952,0.0230416954809644,0.033645496261163296,0.011637980211936329,75,0.0,0.0,0.0,0.0,0.0,0.0,0.0,0.0,0.0,0.0,0.0,0.0,80
IGFBP2,0.0124419910991225,0.0075602027118329,0.0103191625971232,0.0165779721274496,0.0113937476127852,0.0095294996655222,0.0095294996655222,0.0097387755709668,0.0106586533250367,0.0170856651253692,0.01148351695007305,0.0029389330412297196,75,0.0,0.0084181392043493,0.0036815241334892,0.0019749433626046,0.002217628152448,0.0,0.0,0.004484225805233,0.0072969545584863,0.0,0.00280734152166104,0.002962754229189493,46,0.0373259732973678,0.0165304532935476,0.0285884989965668,0.0512569953761078,0.0353522969324319,0.0285884989965668,0.0285884989965668,0.0306429219021557,0.0373259732973678,0.0512569953761078,0.034545710646478676,0.010103913827238954,72,0.0,0.0,0.0,0.0,0.0,0.0,0.0,0.0,0.0,0.0,0.0,0.0,61
MP0167,0.010735237287126,0.0090836246517402,0.0062847185195359,0.014840502389262,0.0046032812044023,0.0066399126856825,0.0066968242105696,0.0263920576063973,0.010481041821554,0.0151949653536501,0.01109521657299199,0.006114437453559212,76,0.0,0.0013427559572412,0.0014645555906109,0.0033525380531415,0.0030361285004746,0.000650935620062,0.0,0.0045950136127508,0.0012634407801527,0.0,0.00157053681144337,0.0015124085239990141,81,0.0322057118613783,0.0269089466872239,0.0200904726317089,0.0455848960609505,0.0115760659117298,0.0200904726317089,0.0200904726317089,0.0826774320375407,0.0322057118613783,0.0455848960609505,0.033701507837627875,0.01943450719545444,74,0.0,0.0,0.0,0.0,0.0,0.0,0.0,0.0,0.0,0.0,0.0,0.0,82
IGLV1.51,0.0119080531970196,0.0044952087528975,0.0085195349224091,0.009483582593825,0.0100289525287121,0.0082687523133796,0.0082687523133796,0.0241153014586086,0.0119080531970196,0.0101841770894967,0.01071803683667474,0.004900588610525343,77,0.0,0.00155470522133,0.0013812223343905,0.0027781470851226,0.0028190440182766,0.0,0.0,0.0008656026212181,0.0,0.0,0.00093987212803378,0.001091130862597075,97,0.035724159591059,0.0142914455677823,0.024806256940139,0.0305525312684902,0.0274119220417696,0.024806256940139,0.024806256940139,0.0716734002506599,0.035724159591059,0.0305525312684902,0.03203489203997272,0.014476839263958098,77,0.0,0.0,0.0,0.0,0.0,0.0,0.0,0.0,0.0,0.0,0.0,0.0,108
APOF,0.0054857128075491,0.0143047484234161,0.0135288117664493,0.004358793269026,0.0141864440142735,0.0124018029218859,0.0130260068061631,0.0193445574684561,0.0056469066657639,0.004188742999877,0.010647252714286,0.005014863753667097,78,0.0,0.0035942021350002,0.0016085056451806,0.0007234183347069,0.0018179495911448,0.0023701164801567,0.0,0.006731793272267,0.0019660989759363,0.0,0.00188120844343925,0.0019683607417673127,71,0.0164571384226474,0.0420363866155991,0.0390780204184893,0.012566228999631,0.0417272634911072,0.0390780204184893,0.0390780204184893,0.0639123896530741,0.0164571384226474,0.012566228999631,0.032295683585980506,0.01612970600665542,76,0.0,0.0,0.0,0.0,0.0,0.0,0.0,0.0,0.0,0.0,0.0,0.0,92
MP0116,0.0057833499623501,0.0142026197289069,0.014489250356035,0.0085813906870862,0.0104937135939747,0.0135030115876289,0.0162774012697336,0.0091682149288293,0.0045690972097377,0.0086100372080849,0.01056780865323673,0.0037205252677915243,79,0.0050653176306502,0.0026196978407574,0.0033977658750476,0.0039457724418041,0.0065367652431751,0.0,0.0095991367887433,0.0025831779031317,0.0009599136788743,0.0045326918799333,0.0039240239282117,0.0026204354533268287,30,0.0129348671485396,0.0433939777226992,0.0405090347628869,0.0221926405993959,0.0371126341897393,0.0405090347628869,0.0405090347628869,0.0255666279877558,0.0129348671485396,0.0221926405993959,0.029785535968472592,0.011335121166458942,80,0.0,0.0016082781264146,0.0,0.0,0.0,0.0,0.0,0.0,0.0,0.0,0.00016082781264146,0.00048248343792438,49
MP0112,0.0141187747219194,0.0075729996347795,0.008871719069207,0.0124431233027481,0.009413603314764,0.0106395780219391,0.0110593883000604,0.0013684017552461,0.0141230229718618,0.0120540442009254,0.010166465529345078,0.0035695591680615876,80,0.0,0.0001650332908989,0.0004598925456638,0.002105630825338,0.0,0.0069944319748162,0.0100786723612104,0.0034324466878724,0.0013153717248705,0.0,0.00245514794106702,0.003292544797609473,54,0.0423563241657583,0.0227279239733053,0.0266258386200084,0.0361621326027763,0.0282408099442922,0.0266258386200084,0.0266258386200084,0.0027844337398737,0.0423563241657583,0.0361621326027763,0.02906675970545656,0.010970012110465244,82,0.0,0.0,0.0,0.0,0.0,0.0,0.0,0.0,0.0,0.0,0.0,0.0,54
MP0057,0.0095226201013936,0.0015834586869903,0.002005508008109,0.0167570298621963,0.0041936644943986,0.0059913056958558,0.0020787190832553,0.0322395048214599,0.0101470979692568,0.0159456868928059,0.010046459561572149,0.009072552494380237,81,0.0038847529433094,0.0037954002561702,0.001420138138881,0.0007460014368075,0.0139811378136408,0.0199587984382235,0.0,0.008342878841111,0.00329935996884,0.0038847529433094,0.00593132207802928,0.006080052810073095,18,0.0313397621268033,0.0063042977091418,0.0062361572497661,0.0507150575725623,0.0023941197283475,0.0062361572497661,0.0062361572497661,0.1008372180300439,0.0313397621268033,0.0507150575725623,0.02923537466155627,0.029818808970412242,81,0.0,0.0,0.0,0.0,0.0,0.0,0.0,0.0,0.0,0.0,0.0,0.0,72
C3,0.0103204003571485,0.0125483922498962,0.0065127169797122,0.00817446738018,0.0084886382867659,0.0064695890317383,0.0062499955638245,0.0229081147705007,0.0072614004744702,0.0115269564817452,0.010046067157598171,0.004767923545096933,82,0.0151497742504371,0.0080084962952665,0.001426146178779,0.0024782124601372,0.0166889704601846,0.0012154241060822,0.0,0.0052210396940868,0.0034814841904258,0.0158747913302898,0.006954433896568901,0.006241582913557132,14,0.019774194811853,0.0332933699242646,0.0187499866914737,0.0227576448549287,0.0152159472680193,0.0187499866914737,0.0187499866914737,0.0656373763531137,0.019774194811853,0.0227576448549287,0.02554603329533821,0.014123685417849523,87,0.0,0.0,0.0,0.0,0.0,0.0,0.0,0.0,0.0,0.0,0.0,0.0,91
MP0022,0.0140717125365435,0.0012263672617499,0.0042153383810523,0.0160792817571325,0.003072173370183,0.0040585059418912,0.0041331436977689,0.0232879292049936,0.0153966323231212,0.0138152499110163,0.009935633438545241,0.007084482986003254,83,0.0059682403507362,0.0024501604796411,0.0004226810676076,0.0039960681653393,0.0039721417745236,0.0011141519886065,0.0,0.0011513125349429,0.0,0.0059682403507362,0.0025042996712133403,0.0022140435691877037,53,0.0461898969693638,0.0043868694974213,0.0123994310933068,0.0454192615960269,0.0099051326829133,0.0123994310933068,0.0123994310933068,0.069304205630596,0.0461898969693638,0.0454192615960269,0.03040128182216324,0.021288774782701917,78,0.0,0.0,0.0,0.0,0.0,0.0,0.0,0.0,0.0,0.0,0.0,0.0,58
MP0102,0.022015553946493,0.0034264622227201,0.0051678713883213,0.0157114539697601,0.0034807226434125,0.0045668108079155,0.0050542469857877,0.0027992683490867,0.0199451883259879,0.0170768725518689,0.00992444511913537,0.00735403597155053,84,0.0052077734893982,0.0028256269987076,0.0009771828544232,0.0013777444353233,0.0074569528257271,0.0021707482652975,0.0,0.001723312395919,0.0038360689977435,0.0052077734893982,0.00307831837519376,0.0021982294622004,41,0.0612845374801992,0.0090996095372786,0.0151627409573634,0.0464638793174011,0.0037509149980884,0.0151627409573634,0.0151627409573634,0.0080116853428497,0.0612845374801992,0.0464638793174011,0.02818472663455075,0.021763204210849398,84,0.0,0.0,0.0,0.0,0.0,0.0,0.0,0.0,0.0,0.0,0.0,0.0,55
exRNA000107,0.0074967873334954,0.0050995321736499,0.0065979643647166,0.0137733885036929,0.0044045189398697,0.0061401360983209,0.0065231244322985,0.0234255584825067,0.0070824016736473,0.014548734558152,0.009509214656034989,0.0056694785587793235,85,0.0041145032687989,0.0028906427383467,0.0026780155312797,0.0035582964739329,0.0056604285301474,0.0014987670304389,0.0106363357450524,0.0023044431895691,0.0010636335745052,0.0041145032687989,0.00385195693508701,0.0025986876506398854,31,0.0209137571885223,0.0171561029078122,0.0186897316478723,0.0422585913643551,0.0137575166244609,0.0186897316478723,0.0186897316478723,0.0698207110403475,0.0209137571885223,0.0422585913643551,0.02831482226219923,0.016838963739864165,83,0.0,0.0,0.0,0.0,0.0,0.0,0.0,0.0,0.0,0.0,0.0,0.0,78
VTN,0.0068468104735211,0.0092325705674552,0.0070742698226205,0.0111892158502117,0.0081361423457449,0.0129022250766643,0.0069228726667686,0.0121663545980713,0.007541655709643,0.0095286764192514,0.009154079352995202,0.002137151125000647,86,0.0042353200461393,0.0030362945033976,0.0004628855145471,0.0028022266326458,0.0052049342234356,0.0,0.0,0.0034443051499973,0.0,0.0042353200461393,0.0023421286116302002,0.001930300678664576,56,0.0226249671289291,0.0213530913885021,0.0207686180003059,0.0313115236018995,0.0223194498672597,0.0207686180003059,0.0207686180003059,0.0349267091377428,0.0226249671289291,0.0313115236018995,0.02487780858560795,0.005133629727946844,88,0.0,0.0060682947802408,0.0,0.0,0.003285511994954,0.0179380572296871,0.0,0.0042235334542264,0.0,0.0,0.00315153974591083,0.005365714257420224,38
MP0154,0.0157771452389705,0.0016994463601679,0.000700419096381,0.019616717172071,0.0018248635028899,0.000448792835662,0.000448792835662,0.0118991166569862,0.0160730035756103,0.0194530146051468,0.00879413118795476,0.00803634451129204,87,0.0,0.0009447817616408,0.0010871612330529,0.0011560579702678,0.004655696313003,0.0,0.0,0.0020646250685841,0.0013075690686862,0.0,0.00112158914152348,0.0013593859581696678,94,0.0473314357169118,0.0044484201107181,0.0013463785069862,0.0583590438154407,0.0023026462924635,0.0013463785069862,0.0013463785069862,0.037317986476373,0.0473314357169118,0.0583590438154407,0.025948914746521824,0.024457687503652927,85,0.0,0.0,0.0,0.0,0.0,0.0,0.0,0.0,0.0,0.0,0.0,0.0,75
NAP1L1,0.0121749176993128,0.0008786554249549,0.0013118369083085,0.0151955738808607,0.003322445953957,0.0002536990921829,0.0002536990921829,0.0255293414005212,0.0113445447715541,0.0165335889849889,0.00867983032088239,0.008325895751862785,88,0.0,0.0022575587454471,0.0032115891010834,0.0040762810147257,0.0069439281170561,0.0,0.0,0.0009490423136136,0.0025909879529362,0.0,0.00200293872448621,0.0021849792949596328,66,0.0365247530979385,0.0015051381882097,0.0007610972765489,0.0496007669549668,0.0039639308158268,0.0007610972765489,0.0007610972765489,0.0761059463747708,0.0365247530979385,0.0496007669549668,0.02561093473142646,0.026155723339012428,86,0.0,0.0,0.0,0.0,0.0,0.0,0.0,0.0,0.0,0.0,0.0,0.0,63
MP0064,0.0148609455270544,0.0016913257358142,0.0009731725034887,0.0180262518963881,0.0036797686524674,0.0009226596567433,0.0009214525341958,0.0097753454234325,0.0155712351834923,0.0189870953228241,0.00854092524359008,0.00730683701560425,89,0.0,0.0042756097765499,0.0003015577000553,0.0009272380143735,0.0088758600507463,0.0005854143259847,0.0,0.0030725473966051,0.0032645934668429,0.002312469222756,0.0023615289953913703,0.002608305731124774,55,0.0445828365811634,0.0010789369745105,0.0027643576025876,0.0548039863489919,0.002922787080668,0.0027643576025876,0.0027643576025876,0.0265322456373984,0.0445828365811634,0.0548039863489919,0.02376006883606503,0.022524199498590445,90,0.0,0.0,0.0,0.0,0.0,0.0,0.0,0.0,0.0,0.0,0.0,0.0,65
MP0035,0.0097293106287792,0.0037071540121017,0.0024670522303233,0.014979023313987,0.0035305609965389,0.0034847609732637,0.0060907634954506,0.0149081255283751,0.0090966475761553,0.0147847982972914,0.008277819705226622,0.004888090180644941,90,0.0,0.0037108614708391,0.0030905772908606,0.0009776454056817,0.008012893416299,0.0110632653384234,0.0220349469813057,0.0082055661632892,0.0040515106742476,0.0,0.00611472667409463,0.006373902827302035,17,0.0291879318863377,0.0109354499178201,0.0061074154327274,0.0443543948918742,0.009314269922318,0.0061074154327274,0.0061074154327274,0.0516841840806246,0.0291879318863377,0.0443543948918742,0.02373408037753687,0.017305854088580524,91,0.0,0.0,0.0,0.0,0.0,0.0,0.0,0.0,0.0,0.0,0.0,0.0,84
PRG4,0.0091144596427084,0.0031482429386509,0.0014469624757204,0.0160441259208596,0.0012566862451535,0.0022412632631409,0.0014073430186899,0.0197849361165631,0.0090321705581705,0.0162576853145206,0.00797338754941778,0.006801931083433766,91,0.0,0.0,0.0006627534256385,0.0018945939062001,0.0016190432965059,0.0035888817707679,0.0,0.0004824372054179,0.0003914500183358,0.0,0.0008639159622866099,0.0011159109555967039,99,0.0273433789281253,0.0094447288159529,0.0042220290560699,0.048773055943562,0.0030653011561134,0.0042220290560699,0.0042220290560699,0.0596789087500906,0.0273433789281253,0.048773055943562,0.023708789563374123,0.020845919025543756,92,0.0,0.0,0.0,0.0,0.0,0.0,0.0,0.0,0.0,0.0,0.0,0.0,66
MP0122,0.0073696806397781,0.0148746641426211,0.0096993921682162,0.0051371804293279,0.0078378268181897,0.0080839767364558,0.009376783334296,0.0047430135556306,0.0069443004531503,0.0048677606730081,0.00789345789506738,0.0028651481117113768,92,0.0,0.0026214717591597,0.0011602303026004,0.0014279056218745,0.0,0.0083340729283973,0.0,0.0045650173834413,0.0017332919772935,0.0,0.00198419899727667,0.002533518556507993,67,0.0221090419193344,0.0463171135661951,0.0281303500028881,0.0146032820190244,0.0235134804545694,0.0281303500028881,0.0281303500028881,0.0111086988040851,0.0221090419193344,0.0146032820190244,0.02387549907102315,0.009482870540600529,89,0.0,0.0,0.0,0.0,0.0,0.0,0.0,0.0,0.0,0.0,0.0,0.0,51
MP0092,0.006087543375925,0.0104806008527659,0.0056690370730367,0.0039445265883986,0.0059506040022013,0.0046296019440718,0.0057120889075812,0.0214382864420364,0.0064985626933088,0.0039445265883986,0.007435537846772431,0.004985858137962728,93,0.0,0.0037637222743642,0.0008157778730247,0.0,0.0051400928961899,0.0077662523921416,0.0,0.0036316574878306,0.0017680479087501,0.0,0.0022885550832301097,0.002559422120779158,58,0.018262630127775,0.0279521090619193,0.0171362667227437,0.0118335797651958,0.013836417687748,0.0171362667227437,0.0171362667227437,0.06163521936204,0.018262630127775,0.0118335797651958,0.021502496606588005,0.014057606368611036,94,0.0,0.0,0.0,0.0,0.0,0.0,0.0,0.0,0.0,0.0,0.0,0.0,99
exRNA000118,0.0088132402948981,0.0061184010006846,0.0027044020773026,0.0099087920138709,0.0051239557582618,0.0063198702172766,0.0027418254261654,0.0119288875808782,0.0098413768418479,0.0101007610036658,0.007360151221485189,0.0030623103010054688,94,0.0,0.0017863042074583,0.0003449709732817,0.0009608389211227,0.0,0.0066300306653717,0.0,0.0068942978182865,0.001708777837813,0.0,0.0018325220423333899,0.002550692053148654,72,0.0264397208846944,0.0118982752447777,0.0082254762784963,0.0303022830109977,0.0107007764768188,0.0082254762784963,0.0082254762784963,0.0299351096153484,0.0264397208846944,0.0303022830109977,0.019069459796381798,0.009763673293052368,101,0.0,0.0046706235498179,0.0,0.0,0.0046710907979667,0.0065241115162443,0.0,0.0003553270563558,0.0018236061717919,0.0,0.00180447590921766,0.002389315977024831,45
YWHAH,0.0092469998556816,0.0026106851907353,0.000906779332928,0.0136739448773134,0.0026254987645161,0.0027302838168292,0.0006019627947682,0.016238979456938,0.0106392949209184,0.0130158964049588,0.0072290325415587,0.005644069879301091,95,0.0,0.0030068253099176,0.0017522123720556,0.0022262726032068,0.0068843636345272,0.0095682119056699,0.0,0.0036338648314381,0.004279711688097,0.0,0.00313514623449122,0.0029873427104885487,39,0.027740999567045,0.0048279403822234,0.0018058883843046,0.0390476892148765,0.0026677641384832,0.0018058883843046,0.0018058883843046,0.0500094412074774,0.027740999567045,0.0390476892148765,0.01965001884449408,0.01807897025938629,100,0.0,0.0,0.0,0.0,0.0,0.0,0.0,0.0,0.0,0.0,0.0,0.0,105
APOD,0.0032058849508297,0.0066780416501202,0.0023096719180456,0.0114037851968808,0.0036931604185755,0.0022445782311869,0.0022415708203171,0.0269940450732324,0.0038741176359265,0.0094228300529177,0.007206768594803241,0.007259882176237408,96,0.0117501790060557,0.0047101030780505,0.0016074550199517,0.0009104572754517,0.0106234558647424,0.0053373872327275,0.0,0.0034459672661045,0.0,0.011485818578612,0.0049870823321696,0.004473242176492197,23,0.0116223529077795,0.0211924337698824,0.0067247124609513,0.0349549199869935,0.0014568831797211,0.0067247124609513,0.0067247124609513,0.0807664674427592,0.0116223529077795,0.0349549199869935,0.021674446756476257,0.02264103334379163,93,0.0,0.0,0.0,0.0,0.0,0.0,0.0,0.0,0.0,0.0,0.0,0.0,94
MP0038,0.0034342721744425,0.0090967768908473,0.0061917014022977,0.0067972491936457,0.006712680151265,0.0075894076177514,0.0064531168639156,0.0138971088934654,0.0043773997681909,0.0067972491936457,0.00713469621494672,0.00269892938438221,97,0.0,0.0021078587399881,0.0009889842476503,0.0,0.0034408157849274,0.0045049462357572,0.0,0.000614413301904,0.0029605091581345,0.0,0.00146175274683615,0.0015915344612931791,86,0.0103028165233276,0.0258504393238853,0.0193593505917468,0.0203917475809374,0.0180919215091283,0.0193593505917468,0.0193593505917468,0.0422234475921989,0.0103028165233276,0.0203917475809374,0.02056329884089829,0.00847458513992957,96,0.0,0.0,0.0,0.0,0.0,0.0,0.0,0.0,0.0,0.0,0.0,0.0,79
TUBA4A,0.0020707841120804,0.0025604863901085,0.0048739669969926,0.0069157166012661,0.0043396231400839,0.0055934528808169,0.0050397427370367,0.0313234390829125,0.0018402875571515,0.0065974736919435,0.007115497319039259,0.008244471548803084,98,0.0,0.0009064551142386,0.001129825184538,0.0016013214276636,0.0013352328625266,0.0044305877853498,0.0066390677080153,0.0049016959463791,0.0009318319278664,0.0,0.00218760179565774,0.0021723602099514806,62,0.0062123523362413,0.0076593355920168,0.0152591721873757,0.0197924210758305,0.012691248905976,0.0152591721873757,0.0152591721873757,0.0919546871430046,0.0062123523362413,0.0197924210758305,0.02100923350272681,0.02412615240577856,95,0.0,0.0,0.0,0.0,0.0,0.0,0.0,0.0,0.0,0.0,0.0,0.0,106
MP0087,0.0075593529592202,0.0019571231385197,0.0006273028980329,0.0097038650285737,0.0024940851679017,0.0020230695130114,0.000307600060297,0.0277972876799113,0.0084683945074381,0.0089019780688478,0.00698400590217538,0.0077577398735184004,99,0.007421730110313,0.003747276470228,0.0024523656596449,0.0054739199499128,0.0084404617036677,0.0055178832771736,0.0,0.0032104120222789,9.569720286070552e-05,0.007421730110313,0.004378147650639261,0.0028373702258020043,28,0.0254106110223864,0.0053870301205035,0.0009228001808913,0.0296721047034824,0.0043823957527192,0.0009228001808913,0.0009228001808913,0.081114196292724,0.0254106110223864,0.0296721047034824,0.02038174541603582,0.02351255716607342,97,0.0,0.0,0.0,0.0,0.0,0.0,0.0,0.0,0.0,0.0,0.0,0.0,100
MP0075,0.0141697631749697,0.005175304020846,0.0010913138634774,0.0066504390101788,0.0003293402439199,0.0013569448260264,0.0013569448260264,0.0146464715116206,0.0141743470824677,0.0069136160572516,0.00658644846167845,0.005533467495126906,100,0.0,0.0041840003559552,0.0014109761666784,0.0008402535528106,0.0,0.0,0.0,0.0004692888863199,9.084511508386524e-05,0.0,0.0006995364076847966,0.0012465035816864316,103,0.0425092895249093,0.0140408385077348,0.0040708344780792,0.020740848171755,0.0009880207317597,0.0040708344780792,0.0040708344780792,0.0437137010928693,0.0425092895249093,0.020740848171755,0.019745533915993,0.016535742909115293,98,0.0,0.0,0.0,0.0,0.0,0.0,0.0,0.0,0.0,0.0,0.0,0.0,60
subgroup_MOD,0.0117983022369349,0.0020075199915244,0.0002224298298757,0.011848566423559,8.23342425031103e-05,0.0002224298298757,0.0002224298298757,0.0155868470626928,0.0117983022369349,0.011848566423559,0.00656377281073352,0.006127649881587138,101,0.0,0.0,0.0,0.0,0.0,0.0,0.0,0.0,0.0,0.0,0.0,0.0,109,0.0353949067108047,0.0060225599745733,0.0006672894896273,0.0355456992706772,0.0002470027275094,0.0006672894896273,0.0006672894896273,0.0467605411880785,0.0353949067108047,0.0355456992706772,0.019691318432200688,0.01838294964476139,99,0.0,0.0,0.0,0.0,0.0,0.0,0.0,0.0,0.0,0.0,0.0,0.0,102
MP0150,0.0110922976418637,0.0024374263761071,0.0019861896426451,0.0083914391957713,0.0031725282630186,0.0019302776800905,0.0019302776800905,0.0117169624287714,0.0110922976418637,0.0083795207782622,0.00621292173284841,0.004066901452370597,102,0.0,0.0020939044367023,0.0004239648781784,0.0013953321197004,0.0026504375031413,0.0,0.0,0.0013773819955561,0.0,0.0,0.00079410209332785,0.000955361319381378,102,0.0332768929255913,0.0060674247000214,0.0057908330402717,0.0251385623347867,0.0102021126257425,0.0057908330402717,0.0057908330402717,0.0351791714792032,0.0332768929255913,0.0251385623347867,0.01856521184465382,0.012292270018578993,102,0.0,0.0,0.0,0.0,0.0,0.0,0.0,0.0,0.0,0.0,0.0,0.0,74
MP0101,0.003447202060419,0.0111378431462167,0.0040839638246812,0.0119769809006217,0.0019780626502545,0.0045707893400955,0.0045707893400955,0.0051364520180452,0.003399891100452,0.0113732747925668,0.00616752491734481,0.003587041796756706,103,0.0,0.0026502117377404,0.0021428012376209,0.0024507320586824,0.0055264841360999,0.0,0.0,0.0066447026481779,0.0008216537295693,0.0,0.00202365855478908,0.002281196672782324,65,0.010341606181257,0.0352180809768375,0.0137123680202867,0.0341198243777007,0.0046482145761834,0.0137123680202867,0.0137123680202867,0.0110295970506555,0.010341606181257,0.0341198243777007,0.01809558577824519,0.01102442047944883,103,0.0,0.0,0.0,0.0,0.0,0.0,0.0,0.0,0.0,0.0,0.0,0.0,53
exRNA000394,0.0043193663641464,0.002547329267289,0.0075831096943016,0.0060006585547272,0.0068531830986283,0.0066133749453242,0.0066123195822807,0.0058903824673673,0.0043193663641464,0.0063152909953905,0.00570543813336016,0.0014421883975043737,104,0.0,0.0006051007105793,0.003764414034563,0.001484449233742,0.0009349915005101,0.0041812990410923,0.0,0.0042782824497905,0.0,0.0,0.0015248536970277203,0.0017363736045268466,82,0.0129580990924392,0.0077888400742548,0.0198369587468422,0.0189458729861717,0.0200567938719463,0.0198369587468422,0.0198369587468422,0.020047749230852,0.0129580990924392,0.0189458729861717,0.01712122035748015,0.004095400610688363,104,0.0,0.0,0.0,0.0,0.0,0.0,0.0,0.0,0.0,0.0,0.0,0.0,96
exRNA000145,0.0051291465364516,0.0090574022064145,0.0057688816049171,0.002446885048097,0.0044262263014268,0.0040977808805767,0.0040977808805767,0.0051239649238146,0.0063411646101139,0.0006612952905142,0.00471505282829031,0.0021300817066911915,105,0.0,0.0166375386759036,0.0057557204522779,0.0091713981153521,0.0,0.0,0.0,0.0079117459607619,0.0044717642710127,0.0,0.0043948167475308195,0.005324460647864782,27,0.0153874396093549,0.0106356757035072,0.0122933426417303,0.0019838858715427,0.0132786789042806,0.0122933426417303,0.0122933426417303,0.0204024811274995,0.0153874396093549,0.0019838858715427,0.01159395146222734,0.005443363517834848,105,0.0,0.0,0.0,0.0,0.0,0.0,0.0,0.0,0.0,0.0,0.0,0.0,87
METTL18,0.0068358370136694,0.0013026728440509,0.001317956952485,0.0048434837526012,0.0014823876276017,0.0035921771894371,0.0013849725217463,0.0103640003982816,0.007254587483323,0.0048434837526012,0.00432215595357974,0.0029551968856744303,106,0.0,0.0027303423547632,0.0006446434990467,0.0,0.0028111363120694,0.0115289603996675,0.0,0.0064226260283944,0.0032097751070289,0.0,0.0027347483700970103,0.003541949247773642,48,0.0205075110410083,0.0014363061976147,0.0041549175652392,0.0145304512578036,0.0025357035706275,0.0041549175652392,0.0041549175652392,0.0282270167187696,0.0205075110410083,0.0145304512578036,0.01147397037803532,0.008966110328339402,106,0.0,0.0,0.0,0.0,0.0,0.0,0.0,0.0,0.0,0.0,0.0,0.0,57
IGKV1.16,0.0021465469267029,0.0031541446414264,0.0033923246264228,0.0012447965723993,0.0042283496943889,0.003808067485921,0.0036441586442789,0.0029425873247978,0.0025167433417924,0.0017664890473213,0.00288442083054517,0.0009048952334553695,107,0.007074293389872,0.005058161881138,0.0014176143063255,0.0,0.007302030420642,0.0009609518594657,0.0,0.0012581210644483,0.0007385418176081,0.007074293389872,0.00308840081293716,0.00297783611747048,40,0.0076420318512229,0.0065244106413344,0.0109324759328369,0.0037343897171981,0.0088765094384053,0.0109324759328369,0.0109324759328369,0.0084410279931592,0.0076420318512229,0.0037343897171981,0.00793922190082516,0.0025602458577048625,107,0.0,0.0,0.0,0.0,0.0,0.0,0.0,0.0,0.0,0.0,0.0,0.0,62
exRNA000110,0.002398499712534,0.001569956580469,0.0025113728328516,0.0018027652713187,0.0026017884842547,0.0027621367873733,0.0027621367873733,0.0055581940858342,0.0015165201213032,0.0021770489496815,0.00256604196129935,0.0010904039012082879,108,0.0048939454617399,0.0036676787512213,0.001786220649128,0.0021498857856113,0.006355661070485,0.0,0.0,0.0014099601015423,0.0024639420038712,0.0048939454617399,0.00276212392853389,0.0020328798353355707,47,0.0025777655821946,0.0049796501974287,0.0082864103621199,0.0061361538387965,0.0064180666113499,0.0082864103621199,0.0082864103621199,0.0154198612483437,0.0025777655821946,0.0061361538387965,0.006910464798546419,0.003475682486127696,108,0.0,0.0,0.0,0.0,0.0,0.0,0.0,0.0,0.0,0.0,0.0,0.0,86
exRNA000172,0.0026439924865845,0.0003369360935182,0.0010465389460717,0.0018220363418205,0.0026255535090903,0.0014218189117142,0.0010951531577345,0.0008076158943403,0.002940191953183,0.0020594416777683,0.0016799278971825504,0.0008336928609296646,109,0.0,0.001005321369919,0.0003683885404182,0.0012622008853019,0.0034081303182822,0.0033448547142607,0.0,0.0005919382496506,0.0017157583795932,0.0,0.0011696592457425801,0.0012311022610377747,93,0.0079319774597535,0.0001353393938716,0.0032854594732038,0.006178325033305,0.005206399157716,0.0032854594732038,0.0032854594732038,0.0021346832501727,0.0079319774597535,0.006178325033305,0.004555340520748871,0.002423410284050079,109,0.0,0.0,0.0,0.0,0.0,0.0,0.0,0.0,0.0,0.0,0.0,0.0,88
